{"cameraMode":{"drawMode":0,"name":"Shaded","section":"Shading Mode"},"sceneLighting":true,"audioPlay":false,"sceneViewState":{"showFog":false,"showMaterialUpdate":false,"showSkybox":true,"showFlares":false,"showImageEffects":true,"showParticleSystems":true},"in2DMode":false,"pivot":{"x":4.800000190734863,"y":1.0800000429153443,"z":-22.0},"rotation":{"x":0.05481543764472008,"y":0.8831825852394104,"z":-0.10677190870046616,"w":0.4534132778644562},"size":18.77831268310547,"orthographic":false}