{"cameraMode":{"drawMode":0,"name":"Shaded","section":"Shading Mode"},"sceneLighting":true,"audioPlay":false,"sceneViewState":{"showFog":false,"showMaterialUpdate":false,"showSkybox":true,"showFlares":false,"showImageEffects":true,"showParticleSystems":true},"in2DMode":false,"pivot":{"x":-25.76262092590332,"y":5.204673767089844,"z":17.053485870361329},"rotation":{"x":0.2648831605911255,"y":-0.2091037929058075,"z":0.05895585939288139,"w":0.9394875168800354},"size":71.85350799560547,"orthographic":false}