{"cameraMode":{"drawMode":0,"name":"Shaded","section":"Shading Mode"},"sceneLighting":true,"audioPlay":false,"sceneViewState":{"showFog":false,"showMaterialUpdate":false,"showSkybox":true,"showFlares":false,"showImageEffects":true,"showParticleSystems":true},"in2DMode":false,"pivot":{"x":-1.542710304260254,"y":8.3363037109375,"z":10.262142181396485},"rotation":{"x":0.07841929793357849,"y":0.9159168004989624,"z":-0.220077782869339,"w":0.3263626992702484},"size":13.319860458374024,"orthographic":false}