{"cameraMode":{"drawMode":0,"name":"Shaded","section":"Shading Mode"},"sceneLighting":false,"audioPlay":false,"sceneViewState":{"showFog":false,"showMaterialUpdate":false,"showSkybox":true,"showFlares":false,"showImageEffects":true,"showParticleSystems":true},"in2DMode":false,"pivot":{"x":-0.07677048444747925,"y":1.2918412685394288,"z":-2.7402119636535646},"rotation":{"x":-0.0033001163974404337,"y":0.9927322864532471,"z":-0.11699464172124863,"w":-0.028001418337225915},"size":6.0902838706970219,"orthographic":false}