{"cameraMode":{"drawMode":0,"name":"Shaded","section":"Shading Mode"},"sceneLighting":true,"audioPlay":false,"sceneViewState":{"showFog":false,"showMaterialUpdate":false,"showSkybox":true,"showFlares":false,"showImageEffects":true,"showParticleSystems":true},"in2DMode":false,"pivot":{"x":-2.6993045806884767,"y":2.4813146591186525,"z":0.4761335253715515},"rotation":{"x":0.0907428190112114,"y":0.9088925123214722,"z":-0.30100560188293459,"w":0.27399981021881106},"size":2.260106325149536,"orthographic":false}