{"cameraMode":{"drawMode":0,"name":"Shaded","section":"Shading Mode"},"sceneLighting":true,"audioPlay":false,"sceneViewState":{"showFog":false,"showMaterialUpdate":false,"showSkybox":true,"showFlares":false,"showImageEffects":true,"showParticleSystems":true},"in2DMode":false,"pivot":{"x":2.997725248336792,"y":0.12147124111652374,"z":4.932849407196045},"rotation":{"x":-0.1704648733139038,"y":-0.009757786057889462,"z":0.0016881776973605157,"w":-0.9853140115737915},"size":9.902791023254395,"orthographic":false}