{"cameraMode":{"drawMode":0,"name":"Shaded","section":"Shading Mode"},"sceneLighting":true,"audioPlay":false,"sceneViewState":{"showFog":false,"showMaterialUpdate":false,"showSkybox":true,"showFlares":false,"showImageEffects":true,"showParticleSystems":true},"in2DMode":false,"pivot":{"x":11.205818176269532,"y":-36.95684051513672,"z":-10.38797664642334},"rotation":{"x":0.05481543764472008,"y":0.8831825852394104,"z":-0.10677190870046616,"w":0.4534132778644562},"size":4.657007217407227,"orthographic":false}