{"cameraMode":{"drawMode":0,"name":"Shaded","section":"Shading Mode"},"sceneLighting":true,"audioPlay":false,"sceneViewState":{"showFog":false,"showMaterialUpdate":false,"showSkybox":true,"showFlares":false,"showImageEffects":true,"showParticleSystems":true},"in2DMode":false,"pivot":{"x":-9.628728866577149,"y":1.7075073719024659,"z":-4.315615653991699},"rotation":{"x":-0.05628461390733719,"y":0.8444278836250305,"z":-0.09053785353899002,"w":-0.5249538421630859},"size":17.295618057250978,"orthographic":false}