{"cameraMode":{"drawMode":0,"name":"Shaded","section":"Shading Mode"},"sceneLighting":false,"audioPlay":false,"sceneViewState":{"showFog":false,"showMaterialUpdate":false,"showSkybox":true,"showFlares":false,"showImageEffects":true,"showParticleSystems":true},"in2DMode":false,"pivot":{"x":3.9417529106140138,"y":1.308326005935669,"z":2.2234857082366945},"rotation":{"x":-0.09893806278705597,"y":0.7181860208511353,"z":-0.10436736047267914,"w":-0.6808286309242249},"size":2.976566791534424,"orthographic":false}