{"cameraMode":{"drawMode":0,"name":"Shaded","section":"Shading Mode"},"sceneLighting":true,"audioPlay":false,"sceneViewState":{"showFog":false,"showMaterialUpdate":false,"showSkybox":true,"showFlares":false,"showImageEffects":true,"showParticleSystems":true},"in2DMode":false,"pivot":{"x":21.192235946655275,"y":-4.754314422607422,"z":-10.02139949798584},"rotation":{"x":0.05481543764472008,"y":0.8831825852394104,"z":-0.10677190870046616,"w":0.4534132778644562},"size":25.53539276123047,"orthographic":false}