{"cameraMode":{"drawMode":0,"name":"Shaded","section":"Shading Mode"},"sceneLighting":true,"audioPlay":false,"sceneViewState":{"showFog":false,"showMaterialUpdate":false,"showSkybox":true,"showFlares":false,"showImageEffects":true,"showParticleSystems":true},"in2DMode":false,"pivot":{"x":-2.1505889892578127,"y":1.4599653482437134,"z":1.7517967224121094},"rotation":{"x":0.0907428190112114,"y":0.9088925123214722,"z":-0.30100560188293459,"w":0.27399981021881106},"size":23.507295608520509,"orthographic":false}