{"cameraMode":{"drawMode":0,"name":"Shaded","section":"Shading Mode"},"sceneLighting":true,"audioPlay":false,"sceneViewState":{"showFog":false,"showMaterialUpdate":false,"showSkybox":true,"showFlares":false,"showImageEffects":true,"showParticleSystems":true},"in2DMode":false,"pivot":{"x":11.821939468383789,"y":3.6035661697387697,"z":-25.595190048217775},"rotation":{"x":-0.06285110116004944,"y":0.7329916954040527,"z":-0.0683654323220253,"w":-0.6738687753677368},"size":17.741077423095704,"orthographic":false}