{"cameraMode":{"drawMode":0,"name":"Shaded","section":"Shading Mode"},"sceneLighting":true,"audioPlay":false,"sceneViewState":{"showFog":false,"showMaterialUpdate":false,"showSkybox":true,"showFlares":false,"showImageEffects":true,"showParticleSystems":true},"in2DMode":false,"pivot":{"x":4.982858180999756,"y":0.885017991065979,"z":-13.455653190612793},"rotation":{"x":0.12179122865200043,"y":0.2053813636302948,"z":-0.025767438113689424,"w":0.9707324504852295},"size":6.914098739624023,"orthographic":false}