{"cameraMode":{"drawMode":0,"name":"Shaded","section":"Shading Mode"},"sceneLighting":false,"audioPlay":false,"sceneViewState":{"showFog":false,"showMaterialUpdate":false,"showSkybox":true,"showFlares":false,"showImageEffects":true,"showParticleSystems":true},"in2DMode":false,"pivot":{"x":0.021669894456863405,"y":1.1769825220108033,"z":-1.9769985675811768},"rotation":{"x":-0.007958372123539448,"y":0.8806983828544617,"z":-0.014805908314883709,"w":-0.47337907552719118},"size":6.468592643737793,"orthographic":false}