{"cameraMode":{"drawMode":0,"name":"Shaded","section":"Shading Mode"},"sceneLighting":false,"audioPlay":false,"sceneViewState":{"showFog":false,"showMaterialUpdate":false,"showSkybox":true,"showFlares":false,"showImageEffects":true,"showParticleSystems":true},"in2DMode":false,"pivot":{"x":0.04487195611000061,"y":1.3431456089019776,"z":-2.7997074127197267},"rotation":{"x":-0.0033001163974404337,"y":0.9927322864532471,"z":-0.11699464172124863,"w":-0.028001418337225915},"size":5.733063697814941,"orthographic":false}