{"cameraMode":{"drawMode":0,"name":"Shaded","section":"Shading Mode"},"sceneLighting":true,"audioPlay":false,"sceneViewState":{"showFog":false,"showMaterialUpdate":false,"showSkybox":true,"showFlares":false,"showImageEffects":true,"showParticleSystems":true},"in2DMode":false,"pivot":{"x":-2.4715576171875,"y":-7.835493087768555,"z":4.853385925292969},"rotation":{"x":-0.33401528000831606,"y":0.32830071449279787,"z":-0.1253795027732849,"w":-0.8746042251586914},"size":44.31299591064453,"orthographic":false}