{"cameraMode":{"drawMode":0,"name":"Shaded","section":"Shading Mode"},"sceneLighting":true,"audioPlay":false,"sceneViewState":{"showFog":false,"showMaterialUpdate":false,"showSkybox":true,"showFlares":false,"showImageEffects":true,"showParticleSystems":true},"in2DMode":false,"pivot":{"x":119.87303924560547,"y":43.37791442871094,"z":-16.19983673095703},"rotation":{"x":0.1476009637117386,"y":-0.09331727772951126,"z":0.013990530744194985,"w":0.9845355153083801},"size":155.80943298339845,"orthographic":false}