{"cameraMode":{"drawMode":0,"name":"Shaded","section":"Shading Mode"},"sceneLighting":true,"audioPlay":false,"sceneViewState":{"showFog":false,"showMaterialUpdate":false,"showSkybox":true,"showFlares":false,"showImageEffects":true,"showParticleSystems":true},"in2DMode":false,"pivot":{"x":-4.9185028076171879,"y":-2.3925704956054689,"z":5.146058559417725},"rotation":{"x":-0.1678033471107483,"y":0.7289625406265259,"z":-0.192601278424263,"w":-0.6351067423820496},"size":9.529566764831543,"orthographic":false}