{"cameraMode":{"drawMode":0,"name":"Shaded","section":"Shading Mode"},"sceneLighting":true,"audioPlay":false,"sceneViewState":{"showFog":false,"showMaterialUpdate":false,"showSkybox":true,"showFlares":false,"showImageEffects":true,"showParticleSystems":true},"in2DMode":false,"pivot":{"x":9.501666069030762,"y":-36.06686782836914,"z":-8.363324165344239},"rotation":{"x":-0.07799860835075379,"y":0.8642909526824951,"z":-0.14152847230434419,"w":-0.47632670402526858},"size":2.651411771774292,"orthographic":false}