{"cameraMode":{"drawMode":0,"name":"Shaded","section":"Shading Mode"},"sceneLighting":true,"audioPlay":false,"sceneViewState":{"showFog":false,"showMaterialUpdate":false,"showSkybox":true,"showFlares":false,"showImageEffects":true,"showParticleSystems":true},"in2DMode":false,"pivot":{"x":0.4949760437011719,"y":3.1613616943359377,"z":-11.765426635742188},"rotation":{"x":0.07841929793357849,"y":0.9159168004989624,"z":-0.220077782869339,"w":0.3263626992702484},"size":9.350200653076172,"orthographic":false}