{"cameraMode":{"drawMode":0,"name":"Shaded","section":"Shading Mode"},"sceneLighting":false,"audioPlay":false,"sceneViewState":{"showFog":false,"showMaterialUpdate":false,"showSkybox":true,"showFlares":false,"showImageEffects":true,"showParticleSystems":true},"in2DMode":false,"pivot":{"x":0.000003933906555175781,"y":1.3059865236282349,"z":-2.9339993000030519},"rotation":{"x":-0.0033001163974404337,"y":0.9927322864532471,"z":-0.11699464172124863,"w":-0.028001418337225915},"size":6.317411422729492,"orthographic":false}