{"cameraMode":{"drawMode":0,"name":"Shaded","section":"Shading Mode"},"sceneLighting":true,"audioPlay":false,"sceneViewState":{"showFog":false,"showMaterialUpdate":false,"showSkybox":true,"showFlares":false,"showImageEffects":true,"showParticleSystems":true},"in2DMode":false,"pivot":{"x":14.469539642333985,"y":2.9727859497070314,"z":-13.945363998413086},"rotation":{"x":-0.18900473415851594,"y":0.4377630650997162,"z":-0.09467975795269013,"w":-0.8738858699798584},"size":37.49358367919922,"orthographic":false}