{"cameraMode":{"drawMode":0,"name":"Shaded","section":"Shading Mode"},"sceneLighting":true,"audioPlay":false,"sceneViewState":{"showFog":false,"showMaterialUpdate":false,"showSkybox":true,"showFlares":false,"showImageEffects":true,"showParticleSystems":true},"in2DMode":false,"pivot":{"x":-7.897381782531738,"y":-53.67735290527344,"z":-2.2435779571533205},"rotation":{"x":0.3080136775970459,"y":-0.5044184327125549,"z":0.19873401522636414,"w":0.781789243221283},"size":34.66598892211914,"orthographic":false}