{"cameraMode":{"drawMode":0,"name":"Shaded","section":"Shading Mode"},"sceneLighting":true,"audioPlay":false,"sceneViewState":{"showFog":false,"showMaterialUpdate":false,"showSkybox":true,"showFlares":false,"showImageEffects":true,"showParticleSystems":true},"in2DMode":false,"pivot":{"x":-3.568373203277588,"y":2.9593873023986818,"z":3.7458205223083498},"rotation":{"x":-0.0595066137611866,"y":0.8142662048339844,"z":-0.08483362197875977,"w":-0.5711678862571716},"size":15.529693603515625,"orthographic":false}