{"cameraMode":{"drawMode":0,"name":"Shaded","section":"Shading Mode"},"sceneLighting":true,"audioPlay":false,"sceneViewState":{"showFog":false,"showMaterialUpdate":false,"showSkybox":true,"showFlares":false,"showImageEffects":true,"showParticleSystems":true},"in2DMode":false,"pivot":{"x":-15.354873657226563,"y":1.0736602544784547,"z":0.6669528484344482},"rotation":{"x":-0.031711969524621966,"y":0.6890541911125183,"z":-0.030206771567463876,"w":-0.7233852744102478},"size":19.146080017089845,"orthographic":false}