{"cameraMode":{"drawMode":0,"name":"Shaded","section":"Shading Mode"},"sceneLighting":true,"audioPlay":false,"sceneViewState":{"showFog":false,"showMaterialUpdate":false,"showSkybox":true,"showFlares":false,"showImageEffects":true,"showParticleSystems":true},"in2DMode":false,"pivot":{"x":9.9401216506958,"y":-36.5589599609375,"z":-4.785689353942871},"rotation":{"x":0.06036023423075676,"y":-0.8545606136322022,"z":0.10201199352741242,"w":0.5056445002555847},"size":13.210358619689942,"orthographic":false}